연도,월,관람객수,단체관람객수,전시,문화,학술,교육,기타,공휴일수,평균기온(°C),평균최고기온(°C),평균최저기온(°C),최고기온(°C),최저기온(°C),월합강수량(00~24h만)(mm),일최다강수량(mm),month_sin,month_cos,총축제방문객수
1988.0,1.0,295731.0,15696,0.0,0.0,0.0,0.0,0.0,3.0,-2.0,3.3,-6.9,11.9,-13.4,9.3,5.5,0.5,0.866025403784439,0.0
1988.0,2.0,237922.0,86526,0.0,0.0,0.0,0.0,0.0,2.0,-1.7,4.6,-7.1,12.8,-13.1,0.5,0.5,0.866025403784439,0.5,0.0
1988.0,3.0,425473.0,71815,0.0,0.0,0.0,0.0,0.0,1.0,3.3,9.5,-1.9,18.0,-7.3,42.4,31.5,1.0,6.12323399573677e-17,0.0
1988.0,4.0,717972.0,196901,0.0,0.0,0.0,0.0,0.0,2.0,10.7,18.4,3.6,25.6,-1.0,50.4,23.5,0.866025403784439,-0.5,0.0
1988.0,5.0,736798.0,262934,0.0,0.0,0.0,0.0,0.0,2.0,17.3,24.5,10.8,30.2,4.8,58.3,37.0,0.5,-0.866025403784439,0.0
1988.0,6.0,406480.0,201753,0.0,0.0,0.0,0.0,0.0,1.0,22.2,28.2,17.1,31.7,12.8,70.0,34.5,1.22464679914735e-16,-1.0,0.0
1988.0,7.0,186732.0,35249,0.0,0.0,0.0,0.0,0.0,1.0,24.8,29.1,21.4,33.9,16.6,313.8,63.0,-0.5,-0.866025403784439,0.0
1988.0,8.0,199095.0,22956,0.0,0.0,0.0,0.0,0.0,1.0,25.5,31.2,20.7,35.6,16.4,79.0,25.5,-0.866025403784438,-0.5,0.0
1988.0,9.0,142057.0,29128,0.0,0.0,0.0,0.0,0.0,3.0,20.2,26.7,14.6,30.7,7.1,34.0,20.0,-1.0,-1.83697019872103e-16,0.0
1988.0,10.0,394302.0,150804,0.0,0.0,0.0,0.0,0.0,3.0,13.4,20.9,7.0,26.0,-1.4,6.5,5.5,-0.866025403784439,0.5,0.0
1988.0,11.0,222649.0,74532,0.0,0.0,0.0,0.0,0.0,0.0,4.5,11.6,-1.4,18.6,-7.2,20.0,7.0,-0.5,0.866025403784438,0.0
1988.0,12.0,276218.0,112467,0.0,0.0,0.0,0.0,0.0,1.0,0.1,5.7,-4.7,16.6,-12.0,27.3,12.0,-2.44929359829471e-16,1.0,0.0
1989.0,1.0,121897.0,2826,0.0,0.0,0.0,0.0,0.0,3.0,0.4,4.7,-3.6,11.4,-12.0,70.9,23.5,0.5,0.866025403784439,0.0
1989.0,2.0,94827.0,12275,0.0,0.0,0.0,0.0,0.0,3.0,1.6,7.2,-3.4,12.6,-11.4,51.4,33.5,0.866025403784439,0.5,0.0
1989.0,3.0,229110.0,32437,0.0,0.0,0.0,0.0,0.0,1.0,5.3,11.9,-0.5,17.8,-7.7,85.6,47.6,1.0,6.12323399573677e-17,0.0
1989.0,4.0,431196.0,163039,0.0,0.0,0.0,0.0,0.0,1.0,12.8,20.9,5.2,30.2,-0.4,24.0,14.0,0.866025403784439,-0.5,0.0
1989.0,5.0,476432.0,269994,0.0,0.0,0.0,0.0,0.0,2.0,17.6,24.6,11.0,28.4,5.4,63.2,33.5,0.5,-0.866025403784439,0.0
1989.0,6.0,293673.0,187262,0.0,0.0,0.0,0.0,0.0,1.0,20.8,26.4,15.3,31.0,11.0,162.9,79.5,1.22464679914735e-16,-1.0,0.0
1989.0,7.0,125583.0,33504,0.0,0.0,0.0,0.0,0.0,1.0,24.6,29.5,20.3,34.8,16.1,162.1,36.5,-0.5,-0.866025403784439,0.0
1989.0,8.0,143738.0,23679,0.0,0.0,0.0,0.0,0.0,1.0,25.4,30.5,20.4,34.5,16.7,191.5,95.0,-0.866025403784438,-0.5,0.0
1989.0,9.0,150422.0,83407,0.0,0.0,0.0,0.0,0.0,3.0,19.9,25.5,14.9,30.2,7.1,258.0,96.0,-1.0,-1.83697019872103e-16,0.0
1989.0,10.0,317246.0,162418,0.0,0.0,0.0,0.0,0.0,4.0,12.4,19.6,6.3,24.0,-0.8,58.3,19.5,-0.866025403784439,0.5,0.0
1989.0,11.0,149861.0,87176,0.0,0.0,0.0,0.0,0.0,0.0,6.5,11.7,2.3,18.7,-5.7,82.5,28.5,-0.5,0.866025403784438,0.0
1989.0,12.0,266681.0,92414,0.0,0.0,0.0,0.0,0.0,1.0,1.0,6.1,-3.3,16.2,-9.4,13.3,3.2,-2.44929359829471e-16,1.0,0.0
1990.0,1.0,61961.0,9453,0.0,0.0,0.0,0.0,0.0,5.0,-2.9,1.4,-7.0,9.1,-19.4,53.5,11.5,0.5,0.866025403784439,0.0
1990.0,2.0,61422.0,15859,0.0,0.0,0.0,0.0,0.0,0.0,1.8,6.3,-2.3,12.5,-14.7,87.6,31.1,0.866025403784439,0.5,0.0
1990.0,3.0,165793.0,62042,0.0,0.0,0.0,0.0,0.0,1.0,6.3,12.0,1.4,19.7,-5.0,60.1,18.0,1.0,6.12323399573677e-17,0.0
1990.0,4.0,303586.0,169831,0.0,0.0,0.0,0.0,0.0,1.0,10.8,17.1,5.3,27.3,0.2,69.4,21.0,0.866025403784439,-0.5,0.0
1990.0,5.0,371242.0,229857,0.0,0.0,0.0,0.0,0.0,2.0,16.4,21.9,11.6,29.0,5.1,115.7,25.0,0.5,-0.866025403784439,0.0
1990.0,6.0,224739.0,152688,0.0,0.0,0.0,0.0,0.0,1.0,21.2,26.0,17.5,30.8,13.0,387.8,112.5,1.22464679914735e-16,-1.0,0.0
1990.0,7.0,91114.0,29748,0.0,0.0,0.0,0.0,0.0,1.0,25.6,30.3,22.0,34.8,15.9,237.1,70.3,-0.5,-0.866025403784439,0.0
1990.0,8.0,118544.0,20778,0.0,0.0,0.0,0.0,0.0,1.0,25.8,31.7,21.3,35.6,18.7,189.9,70.5,-0.866025403784438,-0.5,0.0
1990.0,9.0,123263.0,67932,0.0,0.0,0.0,0.0,0.0,0.0,20.9,26.6,16.3,32.3,8.4,215.4,70.3,-1.0,-1.83697019872103e-16,0.0
1990.0,10.0,210145.0,103733,0.0,0.0,0.0,0.0,0.0,5.0,13.4,21.3,7.6,25.5,2.8,3.6,3.4,-0.866025403784439,0.5,0.0
1990.0,11.0,144879.0,74767,0.0,0.0,0.0,0.0,0.0,0.0,8.7,15.4,3.7,20.3,-3.4,60.0,26.5,-0.5,0.866025403784438,0.0
1990.0,12.0,159188.0,43969,0.0,0.0,0.0,0.0,0.0,1.0,0.3,6.0,-4.1,16.2,-16.4,32.4,11.7,-2.44929359829471e-16,1.0,0.0
1991.0,1.0,61904.0,7782,0.0,0.0,0.0,0.0,0.0,2.0,-2.9,2.7,-7.5,10.0,-15.4,15.5,5.6,0.5,0.866025403784439,0.0
1991.0,2.0,35814.0,6961,0.0,0.0,0.0,0.0,0.0,3.0,-1.6,3.6,-6.0,10.3,-18.5,44.1,12.6,0.866025403784439,0.5,0.0
1991.0,3.0,117177.0,35571,0.0,0.0,0.0,0.0,0.0,2.0,4.0,9.9,-0.6,18.0,-6.0,75.1,29.0,1.0,6.12323399573677e-17,0.0
1991.0,4.0,281744.0,159174,0.0,0.0,0.0,0.0,0.0,1.0,11.5,19.8,4.3,26.5,-4.8,51.6,26.8,0.866025403784439,-0.5,0.0
1991.0,5.0,337056.0,183985,0.0,0.0,0.0,0.0,0.0,2.0,16.9,23.6,10.9,30.8,2.2,149.0,80.0,0.5,-0.866025403784439,0.0
1991.0,6.0,209979.0,103850,0.0,0.0,0.0,0.0,0.0,2.0,22.3,28.4,17.3,33.6,13.2,73.1,46.0,1.22464679914735e-16,-1.0,0.0
1991.0,7.0,85809.0,19277,0.0,0.0,0.0,0.0,0.0,1.0,24.5,28.8,20.9,32.2,16.1,229.3,56.5,-0.5,-0.866025403784439,0.0
1991.0,8.0,135514.0,16708,0.0,0.0,0.0,0.0,0.0,1.0,24.4,30.0,19.7,34.7,13.4,94.3,40.0,-0.866025403784438,-0.5,0.0
1991.0,9.0,106873.0,45353,0.0,0.0,0.0,0.0,0.0,3.0,19.7,25.4,15.2,30.4,7.6,294.0,68.5,-1.0,-1.83697019872103e-16,0.0
1991.0,10.0,226053.0,128729,0.0,0.0,0.0,0.0,0.0,1.0,12.2,19.9,5.8,26.2,0.6,18.7,11.2,-0.866025403784439,0.5,0.0
1991.0,11.0,117718.0,64259,0.0,0.0,0.0,0.0,0.0,0.0,5.1,12.0,-0.6,18.0,-8.0,11.8,6.0,-0.5,0.866025403784438,0.0
1991.0,12.0,154277.0,44790,0.0,0.0,0.0,0.0,0.0,1.0,1.5,7.1,-3.0,16.6,-12.0,47.5,13.5,-2.44929359829471e-16,1.0,0.0
1992.0,1.0,76937.0,7052,0.0,0.0,0.0,0.0,0.0,2.0,-0.9,4.1,-4.8,10.4,-11.0,9.3,3.0,0.5,0.866025403784439,0.0
1992.0,2.0,51197.0,7160,0.0,0.0,0.0,0.0,0.0,3.0,-0.1,5.5,-5.1,18.6,-11.4,16.2,8.4,0.866025403784439,0.5,0.0
1992.0,3.0,113382.0,38632,0.0,0.0,0.0,0.0,0.0,2.0,6.1,12.2,0.7,19.4,-4.5,23.2,9.0,1.0,6.12323399573677e-17,0.0
1992.0,4.0,258541.0,163975,0.0,0.0,0.0,0.0,0.0,1.0,11.2,18.5,4.7,22.9,-0.3,77.4,29.0,0.866025403784439,-0.5,0.0
1992.0,5.0,281755.0,166441,0.0,0.0,0.0,0.0,0.0,2.0,15.8,22.6,9.9,29.1,4.9,51.0,25.0,0.5,-0.866025403784439,0.0
1992.0,6.0,192224.0,120577,0.0,0.0,0.0,0.0,0.0,1.0,20.0,26.3,14.2,30.2,7.9,46.0,34.0,1.22464679914735e-16,-1.0,0.0
1992.0,7.0,83331.0,17578,0.0,0.0,0.0,0.0,0.0,1.0,25.1,30.2,21.1,33.9,17.1,128.5,47.5,-0.5,-0.866025403784439,0.0
1992.0,8.0,145718.0,16724,0.0,0.0,0.0,0.0,0.0,1.0,24.5,29.5,20.4,33.4,17.3,331.5,162.5,-0.866025403784438,-0.5,0.0
1992.0,9.0,100443.0,46517,0.0,0.0,0.0,0.0,0.0,3.0,19.9,25.2,15.1,31.6,5.4,139.5,90.5,-1.0,-1.83697019872103e-16,0.0
1992.0,10.0,179642.0,95974,0.0,0.0,0.0,0.0,0.0,1.0,12.8,19.7,7.3,24.7,0.5,18.0,5.0,-0.866025403784439,0.5,0.0
1992.0,11.0,92307.0,38057,0.0,0.0,0.0,0.0,0.0,0.0,5.4,12.2,0.2,19.6,-10.3,41.4,11.5,-0.5,0.866025403784438,0.0
1992.0,12.0,151029.0,28639,0.0,0.0,0.0,0.0,0.0,2.0,1.2,6.2,-3.3,14.4,-11.2,51.6,20.5,-2.44929359829471e-16,1.0,0.0
1993.0,1.0,81080.0,3162,0.0,0.0,0.0,0.0,0.0,5.0,-2.5,2.8,-7.0,7.6,-13.6,3.2,2.3,0.5,0.866025403784439,0.0
1993.0,2.0,65962.0,5892,0.0,0.0,0.0,0.0,0.0,0.0,0.6,6.3,-4.3,18.9,-9.1,68.6,32.0,0.866025403784439,0.5,0.0
1993.0,3.0,100271.0,25815,0.0,0.0,0.0,0.0,0.0,1.0,4.4,11.2,-1.3,18.0,-7.5,29.8,9.5,1.0,6.12323399573677e-17,0.0
1993.0,4.0,257685.0,143741,0.0,0.0,0.0,0.0,0.0,1.0,10.1,17.1,3.8,27.0,-2.8,31.0,16.0,0.866025403784439,-0.5,0.0
1993.0,5.0,255278.0,124141,0.0,0.0,0.0,0.0,0.0,2.0,17.3,24.4,11.1,30.5,6.5,59.0,28.0,0.5,-0.866025403784439,0.0
1993.0,6.0,154169.0,93097,0.0,0.0,0.0,0.0,0.0,1.0,21.1,26.4,16.8,30.0,11.0,139.0,50.0,1.22464679914735e-16,-1.0,0.0
1993.0,7.0,80952.0,6264,0.0,0.0,0.0,0.0,0.0,1.0,23.2,28.0,19.2,32.4,13.9,323.5,110.5,-0.5,-0.866025403784439,0.0
1993.0,8.0,171571.0,13545,0.0,0.0,0.0,0.0,0.0,1.0,22.3,27.0,18.2,31.8,13.1,163.5,26.5,-0.866025403784438,-0.5,14516.66666666667
1993.0,9.0,107014.0,51983,0.0,0.0,0.0,0.0,0.0,2.0,20.0,26.7,14.1,30.4,8.5,122.5,92.0,-1.0,-1.83697019872103e-16,0.0
1993.0,10.0,169252.0,80964,0.0,0.0,0.0,0.0,0.0,2.0,11.9,19.0,5.5,25.5,-0.6,48.0,21.5,-0.866025403784439,0.5,0.0
1993.0,11.0,89320.0,47253,0.0,0.0,0.0,0.0,0.0,0.0,7.7,12.7,3.3,19.4,-9.1,66.9,23.5,-0.5,0.866025403784438,0.0
1993.0,12.0,142824.0,25551,0.0,0.0,0.0,0.0,0.0,1.0,-0.1,4.9,-4.6,11.1,-11.4,25.7,8.5,-2.44929359829471e-16,1.0,0.0
1994.0,1.0,66698.0,1453,0.0,0.0,0.0,0.0,0.0,2.0,-1.7,3.7,-6.6,10.8,-15.8,9.1,3.5,0.5,0.866025403784439,0.0
1994.0,2.0,40851.0,3548,0.0,0.0,0.0,0.0,0.0,3.0,-0.2,6.1,-5.5,12.5,-14.9,10.1,4.6,0.866025403784439,0.5,0.0
1994.0,3.0,80539.0,23835,0.0,0.0,0.0,0.0,0.0,1.0,3.3,9.1,-2.2,19.2,-7.3,39.5,14.5,1.0,6.12323399573677e-17,0.0
1994.0,4.0,205019.0,113534,0.0,0.0,0.0,0.0,0.0,1.0,13.6,22.0,6.0,28.7,-0.1,13.5,12.5,0.866025403784439,-0.5,0.0
1994.0,5.0,210357.0,113239,0.0,0.0,0.0,0.0,0.0,2.0,17.6,24.0,11.6,29.2,5.2,106.5,29.5,0.5,-0.866025403784439,0.0
1994.0,6.0,135089.0,72412,0.0,0.0,0.0,0.0,0.0,1.0,22.1,28.5,16.2,34.8,9.8,160.5,141.5,1.22464679914735e-16,-1.0,0.0
1994.0,7.0,47219.0,9806,0.0,0.0,0.0,0.0,0.0,1.0,28.4,34.0,24.0,37.7,21.2,98.0,45.5,-0.5,-0.866025403784439,0.0
1994.0,8.0,125321.0,7603,0.0,0.0,0.0,0.0,0.0,1.0,27.0,32.1,22.5,36.1,16.3,418.0,115.0,-0.866025403784438,-0.5,14516.66666666667
1994.0,9.0,81535.0,33576,0.0,0.0,0.0,0.0,0.0,3.0,20.0,26.3,14.1,32.2,8.3,52.0,47.0,-1.0,-1.83697019872103e-16,0.0
1994.0,10.0,171999.0,77547,0.0,0.0,0.0,0.0,0.0,1.0,14.1,20.8,8.6,26.7,-0.3,220.0,82.5,-0.866025403784439,0.5,0.0
1994.0,11.0,87475.0,34976,0.0,0.0,0.0,0.0,0.0,0.0,8.1,14.6,2.5,20.8,-5.2,22.0,9.5,-0.5,0.866025403784438,0.0
1994.0,12.0,205017.0,15282,0.0,0.0,0.0,0.0,0.0,1.0,1.0,6.3,-4.0,17.2,-12.1,21.0,8.0,-2.44929359829471e-16,1.0,0.0
1995.0,1.0,57590.0,528,0.0,0.0,0.0,0.0,0.0,4.0,-2.6,2.9,-7.5,12.0,-16.0,19.0,11.3,0.5,0.866025403784439,0.0
1995.0,2.0,51928.0,7437,0.0,0.0,0.0,0.0,0.0,1.0,-0.4,6.6,-6.3,11.4,-11.9,8.2,4.5,0.866025403784439,0.5,0.0
1995.0,3.0,66376.0,14731,0.0,0.0,0.0,0.0,0.0,1.0,5.4,11.4,0.3,18.5,-5.5,25.3,9.0,1.0,6.12323399573677e-17,0.0
1995.0,4.0,190618.0,102800,0.0,0.0,0.0,0.0,0.0,1.0,10.4,18.1,3.8,28.8,-3.2,47.0,24.0,0.866025403784439,-0.5,0.0
1995.0,5.0,199800.0,110694,0.0,0.0,0.0,0.0,0.0,2.0,16.4,23.2,9.6,29.5,3.1,48.0,23.0,0.5,-0.866025403784439,0.0
1995.0,6.0,123357.0,53344,0.0,0.0,0.0,0.0,0.0,2.0,21.2,27.3,16.2,30.6,10.6,14.5,6.0,1.22464679914735e-16,-1.0,0.0
1995.0,7.0,77315.0,14032,0.0,0.0,0.0,0.0,0.0,1.0,25.0,29.8,21.0,33.6,15.4,239.9,64.0,-0.5,-0.866025403784439,0.0
1995.0,8.0,156455.0,11103,0.0,0.0,0.0,0.0,0.0,1.0,26.4,31.1,22.6,34.5,18.2,1082.5,273.5,-0.866025403784438,-0.5,14516.66666666667
1995.0,9.0,84407.0,37205,0.0,0.0,0.0,0.0,0.0,3.0,19.1,25.1,14.0,31.2,9.4,29.0,7.5,-1.0,-1.83697019872103e-16,0.0
1995.0,10.0,193424.0,95976,0.0,0.0,0.0,0.0,0.0,1.0,14.4,21.4,8.5,26.0,3.1,23.5,11.5,-0.866025403784439,0.5,0.0
1995.0,11.0,88667.0,41045,0.0,0.0,0.0,0.0,0.0,0.0,5.3,12.6,-0.2,20.7,-6.0,40.2,13.0,-0.5,0.866025403784438,0.0
1995.0,12.0,194261.0,27316,0.0,0.0,0.0,0.0,0.0,1.0,-1.8,3.7,-6.2,8.9,-11.8,8.9,2.9,-2.44929359829471e-16,1.0,0.0
1996.0,1.0,87684.0,19354,0.0,0.0,0.0,0.0,0.0,2.0,-2.4,3.0,-7.1,9.4,-12.8,29.5,21.0,0.5,0.866025403784439,0.0
1996.0,2.0,45330.0,12449,0.0,0.0,0.0,0.0,0.0,3.0,-2.3,3.5,-7.4,16.7,-14.2,10.2,4.3,0.866025403784439,0.5,0.0
1996.0,3.0,75039.0,23500,0.0,0.0,0.0,0.0,0.0,1.0,4.0,9.6,-1.1,15.0,-6.8,115.0,32.5,1.0,6.12323399573677e-17,0.0
1996.0,4.0,180328.0,102368,0.0,0.0,0.0,0.0,0.0,2.0,9.3,15.9,3.2,25.9,-3.1,54.5,19.5,0.866025403784439,-0.5,0.0
1996.0,5.0,229057.0,125087,0.0,0.0,0.0,0.0,0.0,2.0,17.1,24.4,10.6,30.2,6.1,19.0,14.0,0.5,-0.866025403784439,0.0
1996.0,6.0,128095.0,66121,0.0,0.0,0.0,0.0,0.0,1.0,21.9,26.9,18.0,33.0,13.0,237.0,94.0,1.22464679914735e-16,-1.0,0.0
1996.0,7.0,63252.0,10184,0.0,0.0,0.0,0.0,0.0,1.0,25.0,30.3,21.0,35.3,15.1,177.5,64.5,-0.5,-0.866025403784439,0.0
1996.0,8.0,104324.0,6123,0.0,0.0,0.0,0.0,0.0,1.0,25.6,31.0,21.8,36.2,16.9,116.5,48.5,-0.866025403784438,-0.5,14516.66666666667
1996.0,9.0,64959.0,22351,0.0,0.0,0.0,0.0,0.0,3.0,20.4,27.6,14.6,30.9,7.3,8.0,5.0,-1.0,-1.83697019872103e-16,0.0
1996.0,10.0,169306.0,80360,0.0,0.0,0.0,0.0,0.0,1.0,13.4,20.4,7.7,25.8,-2.8,102.5,35.5,-0.866025403784439,0.5,0.0
1996.0,11.0,81951.0,34536,0.0,0.0,0.0,0.0,0.0,0.0,6.0,11.2,1.3,18.2,-7.7,71.6,17.0,-0.5,0.866025403784438,3000.0
1996.0,12.0,183032.0,25891,0.0,0.0,0.0,0.0,0.0,1.0,0.3,6.8,-4.7,15.7,-12.0,26.2,17.5,-2.44929359829471e-16,1.0,0.0
1997.0,1.0,58119.0,2738,0.0,0.0,0.0,0.0,0.0,2.0,-3.5,2.4,-8.9,11.2,-15.3,10.7,7.7,0.5,0.866025403784439,0.0
1997.0,2.0,32568.0,3696,0.0,0.0,0.0,0.0,0.0,3.0,-0.8,6.4,-7.0,15.8,-11.6,44.1,22.0,0.866025403784439,0.5,0.0
1997.0,3.0,63391.0,14544,0.0,0.0,0.0,0.0,0.0,1.0,5.6,12.9,-0.2,21.1,-6.0,30.0,15.5,1.0,6.12323399573677e-17,0.0
1997.0,4.0,182834.0,110173,0.0,0.0,0.0,0.0,0.0,1.0,11.9,19.2,5.4,23.9,-1.2,66.5,39.0,0.866025403784439,-0.5,0.0
1997.0,5.0,184337.0,89592,0.0,0.0,0.0,0.0,0.0,2.0,17.4,23.7,12.1,29.1,4.1,211.0,79.5,0.5,-0.866025403784439,0.0
1997.0,6.0,107492.0,50757,0.0,0.0,0.0,0.0,0.0,1.0,22.6,29.3,17.1,34.0,10.4,191.5,136.5,1.22464679914735e-16,-1.0,0.0
1997.0,7.0,52510.0,9661,0.0,0.0,0.0,0.0,0.0,1.0,25.8,31.2,21.9,35.6,16.8,305.0,142.5,-0.5,-0.866025403784439,0.0
1997.0,8.0,110954.0,6592,0.0,0.0,0.0,0.0,0.0,1.0,26.3,32.4,21.9,36.0,18.1,175.5,136.0,-0.866025403784438,-0.5,14516.66666666667
1997.0,9.0,54083.0,19178,0.0,0.0,0.0,0.0,0.0,3.0,19.6,26.6,14.2,33.9,6.9,14.5,4.0,-1.0,-1.83697019872103e-16,0.0
1997.0,10.0,171791.0,85571,0.0,0.0,0.0,0.0,0.0,1.0,12.6,20.2,5.4,27.2,-2.5,23.0,8.0,-0.866025403784439,0.5,0.0
1997.0,11.0,63846.0,21800,0.0,0.0,0.0,0.0,0.0,0.0,7.2,14.1,1.4,21.5,-5.9,153.5,63.5,-0.5,0.866025403784438,3000.0
1997.0,12.0,192048.0,11146,0.0,0.0,0.0,0.0,0.0,2.0,0.6,6.3,-4.3,15.6,-13.9,43.5,27.0,-2.44929359829471e-16,1.0,0.0
1998.0,1.0,34803.0,0,0.0,0.0,0.0,0.0,0.0,5.0,-2.3,3.0,-7.7,8.6,-16.4,20.4,7.7,0.5,0.866025403784439,0.0
1998.0,2.0,27148.0,2910,0.0,0.0,0.0,0.0,0.0,0.0,1.9,7.9,-3.9,15.3,-15.4,27.9,10.0,0.866025403784439,0.5,0.0
1998.0,3.0,59936.0,6598,0.0,0.0,0.0,0.0,0.0,1.0,5.8,13.4,-1.4,23.3,-5.5,29.5,25.5,1.0,6.12323399573677e-17,0.0
1998.0,4.0,132784.0,86075,0.0,0.0,0.0,0.0,0.0,1.0,14.8,20.9,9.6,28.3,-1.8,120.5,52.5,0.866025403784439,-0.5,0.0
1998.0,5.0,132922.0,71556,0.0,0.0,0.0,0.0,0.0,2.0,17.9,24.3,12.2,31.5,7.2,85.0,36.5,0.5,-0.866025403784439,0.0
1998.0,6.0,76765.0,33416,0.0,0.0,0.0,0.0,0.0,2.0,20.3,25.0,16.0,30.2,11.0,219.5,78.5,1.22464679914735e-16,-1.0,0.0
1998.0,7.0,51180.0,11119,0.0,0.0,0.0,0.0,0.0,1.0,24.0,28.0,20.5,32.3,17.5,277.0,50.5,-0.5,-0.866025403784439,0.0
1998.0,8.0,128188.0,11202,0.0,0.0,0.0,0.0,0.0,1.0,24.1,28.6,20.4,32.0,16.1,408.1,90.5,-0.866025403784438,-0.5,14516.66666666667
1998.0,9.0,65565.0,37224,0.0,0.0,0.0,0.0,0.0,0.0,20.5,26.9,15.3,31.9,9.6,283.0,176.0,-1.0,-1.83697019872103e-16,0.0
1998.0,10.0,118173.0,76819,0.0,0.0,0.0,0.0,0.0,4.0,14.6,21.2,8.8,25.7,0.1,51.5,18.0,-0.866025403784439,0.5,0.0
1998.0,11.0,59376.0,29086,0.0,0.0,0.0,0.0,0.0,0.0,6.1,13.0,-0.1,21.8,-7.5,52.8,18.0,-0.5,0.866025403784438,3000.0
1998.0,12.0,31837.0,8466,0.0,0.0,0.0,0.0,0.0,1.0,0.3,7.1,-5.2,14.6,-11.0,8.5,3.5,-2.44929359829471e-16,1.0,0.0
1999.0,1.0,51202.0,3471,0.0,0.0,0.0,0.0,0.0,1.0,-1.6,4.6,-7.8,12.7,-13.5,2.7,1.2,0.5,0.866025403784439,0.0
1999.0,2.0,26550.0,3568,0.0,0.0,0.0,0.0,0.0,3.0,-0.5,5.8,-6.9,12.1,-14.2,2.8,1.0,0.866025403784439,0.5,0.0
1999.0,3.0,68908.0,16946,0.0,0.0,0.0,0.0,0.0,1.0,4.8,11.4,-2.2,19.3,-5.6,46.5,26.5,1.0,6.12323399573677e-17,0.0
1999.0,4.0,180784.0,118312,0.0,0.0,0.0,0.0,0.0,1.0,11.8,18.8,5.4,27.3,-1.6,88.5,30.5,0.866025403784439,-0.5,0.0
1999.0,5.0,185227.0,94053,0.0,0.0,0.0,0.0,0.0,2.0,16.2,22.3,10.2,27.4,6.3,121.5,73.5,0.5,-0.866025403784439,0.0
1999.0,6.0,88840.0,50646,0.0,0.0,0.0,0.0,0.0,1.0,21.0,27.0,15.7,30.4,12.6,163.7,71.5,1.22464679914735e-16,-1.0,0.0
1999.0,7.0,57602.0,10318,0.0,0.0,0.0,0.0,0.0,1.0,23.7,28.6,19.6,32.9,14.7,138.5,36.5,-0.5,-0.866025403784439,0.0
1999.0,8.0,139539.0,11067,0.0,0.0,0.0,0.0,0.0,1.0,24.1,29.0,20.3,33.1,17.6,313.5,135.5,-0.866025403784438,-0.5,14516.66666666667
1999.0,9.0,44694.0,22129,0.0,0.0,0.0,0.0,0.0,3.0,21.2,26.6,17.1,30.1,11.8,324.5,74.5,-1.0,-1.83697019872103e-16,0.0
1999.0,10.0,148371.0,100499,0.0,0.0,0.0,0.0,0.0,1.0,12.3,19.3,6.2,24.7,-1.0,134.5,44.5,-0.866025403784439,0.5,0.0
1999.0,11.0,67444.0,34092,0.0,0.0,0.0,0.0,0.0,0.0,6.1,12.7,0.6,19.0,-4.8,16.5,5.5,-0.5,0.866025403784438,3000.0
1999.0,12.0,32278.0,11533,0.0,0.0,0.0,0.0,0.0,1.0,-0.7,5.1,-6.1,12.5,-14.1,11.9,3.5,-2.44929359829471e-16,1.0,0.0
2000.0,1.0,41879.0,3960,0.0,0.0,0.0,0.0,0.0,1.0,-2.3,2.0,-7.0,10.1,-16.6,52.3,30.5,0.5,0.866025403784439,0.0
2000.0,2.0,25792.0,2615,0.0,0.0,0.0,0.0,0.0,3.0,-2.5,3.1,-8.4,8.3,-14.0,2.7,1.1,0.866025403784439,0.5,0.0
2000.0,3.0,80797.0,15587,0.0,0.0,0.0,0.0,0.0,1.0,4.4,12.2,-3.2,20.1,-9.7,7.1,4.0,1.0,6.12323399573677e-17,0.0
2000.0,4.0,164989.0,99641,0.0,0.0,0.0,0.0,0.0,2.0,9.2,16.2,1.8,21.7,-5.2,36.0,29.0,0.866025403784439,-0.5,0.0
2000.0,5.0,196691.0,96869,0.0,0.0,0.0,0.0,0.0,2.0,15.0,21.3,9.7,28.4,3.6,36.0,19.5,0.5,-0.866025403784439,0.0
2000.0,6.0,94417.0,48463,0.0,0.0,0.0,0.0,0.0,1.0,19.9,25.2,15.4,29.5,10.2,181.0,63.0,1.22464679914735e-16,-1.0,0.0
2000.0,7.0,53771.0,12905,0.0,0.0,0.0,0.0,0.0,1.0,25.3,30.4,21.1,33.2,17.0,83.0,30.5,-0.5,-0.866025403784439,0.0
2000.0,8.0,144788.0,8492,0.0,0.0,0.0,0.0,0.0,1.0,25.3,30.2,21.6,33.4,17.6,636.0,108.5,-0.866025403784438,-0.5,14516.66666666667
2000.0,9.0,51220.0,25610,0.0,0.0,0.0,0.0,0.0,3.0,19.0,24.6,14.4,30.2,8.8,287.5,82.5,-1.0,-1.83697019872103e-16,0.0
2000.0,10.0,137807.0,74666,0.0,0.0,0.0,0.0,0.0,1.0,13.1,20.2,7.0,27.4,-1.3,32.0,24.5,-0.866025403784439,0.5,0.0
2000.0,11.0,59935.0,27603,0.0,0.0,0.0,0.0,0.0,0.0,5.3,12.0,-0.4,22.2,-6.9,32.0,16.0,-0.5,0.866025403784438,3000.0
2000.0,12.0,36477.0,11977,0.0,0.0,0.0,0.0,0.0,1.0,0.0,6.2,-5.7,14.9,-13.5,22.5,8.5,-2.44929359829471e-16,1.0,0.0
2001.0,1.0,24149.0,2393,0.0,0.0,0.0,0.0,0.0,4.0,-4.2,1.1,-10.4,8.9,-23.9,43.5,29.0,0.5,0.866025403784439,0.0
2001.0,2.0,25478.0,3196,0.0,0.0,0.0,0.0,0.0,0.0,-0.3,4.7,-4.8,13.3,-14.1,44.0,13.0,0.866025403784439,0.5,0.0
2001.0,3.0,83917.0,9121,0.0,0.0,0.0,0.0,0.0,1.0,4.3,10.7,-2.3,23.0,-7.8,16.5,6.4,1.0,6.12323399573677e-17,0.0
2001.0,4.0,171905.0,101033,0.0,0.0,0.0,0.0,0.0,1.0,11.9,19.9,3.9,27.2,-4.0,19.0,6.5,0.866025403784439,-0.5,0.0
2001.0,5.0,188780.0,87278,0.0,0.0,0.0,0.0,0.0,2.0,18.6,25.2,12.6,30.3,7.4,15.0,9.5,0.5,-0.866025403784439,0.0
2001.0,6.0,82272.0,34239,0.0,0.0,0.0,0.0,0.0,1.0,22.1,27.1,17.7,32.7,11.1,227.5,78.5,1.22464679914735e-16,-1.0,0.0
2001.0,7.0,48406.0,10515,0.0,0.0,0.0,0.0,0.0,1.0,25.7,30.2,21.9,33.7,18.6,178.0,81.5,-0.5,-0.866025403784439,0.0
2001.0,8.0,147860.0,8969,0.0,0.0,0.0,0.0,0.0,1.0,25.1,31.0,20.3,35.7,15.1,194.5,130.0,-0.866025403784438,-0.5,14516.66666666667
2001.0,9.0,59224.0,30320,0.0,0.0,0.0,0.0,0.0,1.0,20.3,27.7,13.6,31.7,5.0,12.0,8.5,-1.0,-1.83697019872103e-16,0.0
2001.0,10.0,117659.0,72279,0.0,0.0,0.0,0.0,0.0,3.0,14.0,21.0,7.8,24.6,2.2,63.5,45.5,-0.866025403784439,0.5,0.0
2001.0,11.0,68613.0,32559,0.0,0.0,0.0,0.0,0.0,0.0,4.9,12.2,-1.6,16.7,-5.9,6.3,1.5,-0.5,0.866025403784438,3000.0
2001.0,12.0,29912.0,10486,0.0,0.0,0.0,0.0,0.0,1.0,-2.0,3.9,-7.7,11.0,-13.3,18.4,6.2,-2.44929359829471e-16,1.0,0.0
2002.0,1.0,36542.0,3440,0.0,0.0,0.0,0.0,0.0,1.0,0.0,4.8,-4.6,16.5,-15.3,45.3,12.5,0.5,0.866025403784439,0.0
2002.0,2.0,22940.0,2572,0.0,0.0,0.0,0.0,0.0,3.0,0.2,7.0,-5.7,12.8,-13.6,6.0,3.0,0.866025403784439,0.5,0.0
2002.0,3.0,85288.0,9751,0.0,0.0,0.0,0.0,0.0,1.0,6.3,14.1,-1.2,22.3,-7.5,25.5,10.5,1.0,6.12323399573677e-17,0.0
2002.0,4.0,160486.0,105012,0.0,0.0,0.0,0.0,0.0,1.0,13.1,20.4,6.0,29.6,-1.5,128.0,50.0,0.866025403784439,-0.5,0.0
2002.0,5.0,159564.0,85945,0.0,0.0,0.0,0.0,0.0,2.0,17.3,23.3,11.7,28.7,8.3,104.0,61.0,0.5,-0.866025403784439,0.0
2002.0,6.0,103051.0,17381,0.0,0.0,0.0,0.0,0.0,2.0,21.4,27.6,15.6,32.0,9.6,54.0,39.5,1.22464679914735e-16,-1.0,0.0
2002.0,7.0,51387.0,15461,0.0,0.0,0.0,0.0,0.0,2.0,25.0,29.6,21.1,34.7,17.2,229.5,53.0,-0.5,-0.866025403784439,0.0
2002.0,8.0,140751.0,12016,0.0,0.0,0.0,0.0,0.0,1.0,24.0,27.8,20.9,33.9,18.3,481.5,240.5,-0.866025403784438,-0.5,14516.66666666667
2002.0,9.0,38671.0,15429,0.0,0.0,0.0,0.0,0.0,3.0,19.8,26.0,14.8,31.5,9.3,57.0,16.0,-1.0,-1.83697019872103e-16,0.0
2002.0,10.0,124826.0,82771,0.0,0.0,0.0,0.0,0.0,1.0,11.0,18.0,5.0,26.0,-4.0,91.5,35.0,-0.866025403784439,0.5,0.0
2002.0,11.0,64426.0,32959,0.0,0.0,0.0,0.0,0.0,0.0,3.0,8.8,-2.9,19.0,-8.3,42.1,19.0,-0.5,0.866025403784438,3000.0
2002.0,12.0,35816.0,9486,0.0,0.0,0.0,0.0,0.0,2.0,0.1,5.4,-4.7,14.6,-13.0,48.1,12.5,-2.44929359829471e-16,1.0,0.0
2003.0,1.0,38597.0,7494,0.0,0.0,0.0,0.0,0.0,2.0,-4.2,1.4,-9.4,9.6,-23.8,18.6,4.8,0.5,0.866025403784439,0.0
2003.0,2.0,29272.0,5514,0.0,0.0,0.0,0.0,0.0,2.0,0.8,6.2,-4.1,12.3,-13.6,44.0,28.5,0.866025403784439,0.5,0.0
2003.0,3.0,79524.0,8847,0.0,0.0,0.0,0.0,0.0,1.0,5.0,10.8,-0.7,20.2,-5.9,38.1,10.0,1.0,6.12323399573677e-17,0.0
2003.0,4.0,174559.0,119285,0.0,0.0,0.0,0.0,0.0,1.0,12.1,18.1,6.1,26.4,-0.8,172.3,47.0,0.866025403784439,-0.5,0.0
2003.0,5.0,162179.0,77838,0.0,0.0,0.0,0.0,0.0,2.0,18.1,24.4,12.3,28.3,5.0,106.0,38.0,0.5,-0.866025403784439,0.0
2003.0,6.0,83281.0,35687,0.0,0.0,0.0,0.0,0.0,1.0,21.0,25.8,16.9,30.2,11.0,178.6,124.0,1.22464679914735e-16,-1.0,0.0
2003.0,7.0,55066.0,11653,0.0,0.0,0.0,0.0,0.0,1.0,22.7,26.9,19.3,31.5,15.1,381.2,86.0,-0.5,-0.866025403784439,0.0
2003.0,8.0,134880.0,12003,0.0,0.0,0.0,0.0,0.0,1.0,22.8,27.0,19.4,32.0,13.3,334.6,74.5,-0.866025403784438,-0.5,14516.66666666667
2003.0,9.0,50356.0,22090,0.0,0.0,0.0,0.0,0.0,3.0,20.1,25.6,15.7,29.2,9.3,264.2,54.0,-1.0,-1.83697019872103e-16,630000.0
2003.0,10.0,123275.0,69898,0.0,0.0,0.0,0.0,0.0,1.0,12.2,19.8,5.5,27.1,-1.0,27.0,10.5,-0.866025403784439,0.5,30000.0
2003.0,11.0,51267.0,20981,0.0,0.0,0.0,0.0,0.0,0.0,8.4,14.4,2.6,24.1,-6.6,46.7,20.0,-0.5,0.866025403784438,3000.0
2003.0,12.0,25623.0,6971,0.0,0.0,0.0,0.0,0.0,1.0,0.2,5.4,-4.5,13.5,-11.1,17.0,7.5,-2.44929359829471e-16,1.0,0.0
2004.0,1.0,29385.0,3275,0.0,0.0,0.0,0.0,0.0,4.0,-3.1,3.4,-8.8,9.5,-16.6,16.4,4.7,0.5,0.866025403784439,0.0
2004.0,2.0,36359.0,3960,0.0,0.0,0.0,0.0,0.0,0.0,1.7,8.4,-4.4,20.6,-11.6,21.3,8.6,0.866025403784439,0.5,0.0
2004.0,3.0,82706.0,11648,0.0,0.0,0.0,0.0,0.0,1.0,5.2,12.0,-1.8,21.7,-9.5,21.5,14.8,1.0,6.12323399573677e-17,0.0
2004.0,4.0,166222.0,105788,0.0,0.0,0.0,0.0,0.0,2.0,11.9,19.6,4.3,29.1,-2.7,67.5,33.5,0.866025403784439,-0.5,0.0
2004.0,5.0,142683.0,65095,0.0,0.0,0.0,0.0,0.0,2.0,17.1,22.7,11.8,28.1,5.4,127.6,43.5,0.5,-0.866025403784439,0.0
2004.0,6.0,75461.0,36114,0.0,0.0,0.0,0.0,0.0,1.0,21.7,27.4,16.5,32.5,9.5,235.0,97.5,1.22464679914735e-16,-1.0,0.0
2004.0,7.0,37441.0,7789,0.0,0.0,0.0,0.0,0.0,1.0,24.7,29.0,21.3,34.7,17.8,365.2,63.0,-0.5,-0.866025403784439,0.0
2004.0,8.0,124147.0,9555,0.0,0.0,0.0,0.0,0.0,1.0,25.2,30.6,21.0,36.7,15.3,229.3,83.0,-0.866025403784438,-0.5,14516.66666666667
2004.0,9.0,42293.0,17310,0.0,0.0,0.0,0.0,0.0,3.0,19.7,25.8,14.6,31.3,10.6,189.0,43.0,-1.0,-1.83697019872103e-16,630000.0
2004.0,10.0,123150.0,69426,0.0,0.0,0.0,0.0,0.0,1.0,13.2,21.7,6.0,25.7,-0.5,4.5,3.5,-0.866025403784439,0.5,30000.0
2004.0,11.0,52281.0,19161,0.0,0.0,0.0,0.0,0.0,0.0,8.2,14.9,2.5,24.1,-2.7,53.0,16.5,-0.5,0.866025403784438,3000.0
2004.0,12.0,37310.0,9952,0.0,0.0,0.0,0.0,0.0,1.0,2.3,7.9,-2.9,18.2,-9.5,33.0,24.5,-2.44929359829471e-16,1.0,0.0
2005.0,1.0,42445.0,5128,0.0,0.0,0.0,0.0,0.0,1.0,-2.0,3.7,-7.6,11.0,-13.1,3.0,1.5,0.5,0.866025403784439,0.0
2005.0,2.0,29448.0,5008,0.0,0.0,0.0,0.0,0.0,3.0,-1.1,3.8,-6.5,12.1,-12.8,29.8,19.5,0.866025403784439,0.5,0.0
2005.0,3.0,97259.0,14101,0.0,0.0,0.0,0.0,0.0,1.0,4.5,10.8,-1.7,20.2,-8.6,37.0,14.5,1.0,6.12323399573677e-17,0.0
2005.0,4.0,164691.0,94874,0.0,0.0,0.0,0.0,0.0,1.0,12.8,20.3,5.5,31.2,-2.0,53.7,24.5,0.866025403784439,-0.5,0.0
2005.0,5.0,176048.0,76101,0.0,0.0,0.0,0.0,0.0,2.0,17.0,24.0,10.3,30.6,4.6,48.0,16.0,0.5,-0.866025403784439,0.0
2005.0,6.0,98670.0,39686,0.0,0.0,0.0,0.0,0.0,1.0,22.5,28.0,18.1,32.4,12.6,183.0,42.5,1.22464679914735e-16,-1.0,0.0
2005.0,7.0,43140.0,10642,0.0,0.0,0.0,0.0,0.0,1.0,25.2,29.9,21.5,35.4,18.1,313.8,83.0,-0.5,-0.866025403784439,0.0
2005.0,8.0,154267.0,11375,0.0,0.0,0.0,0.0,0.0,1.0,24.8,29.9,21.2,36.2,16.5,202.0,44.0,-0.866025403784438,-0.5,14516.66666666667
2005.0,9.0,49407.0,20897,0.0,0.0,0.0,0.0,0.0,3.0,21.5,27.0,17.4,32.2,12.0,377.5,162.0,-1.0,-1.83697019872103e-16,630000.0
2005.0,10.0,120823.0,62930,0.0,0.0,0.0,0.0,0.0,1.0,13.3,20.3,7.6,24.8,-1.2,26.7,10.0,-0.866025403784439,0.5,30000.0
2005.0,11.0,50190.0,19884,0.0,0.0,0.0,0.0,0.0,0.0,7.1,14.2,0.7,23.7,-6.9,23.5,9.0,-0.5,0.866025403784438,3000.0
2005.0,12.0,17251.0,6470,0.0,0.0,0.0,0.0,0.0,1.0,-4.6,0.9,-10.3,13.3,-17.8,11.3,2.0,-2.44929359829471e-16,1.0,0.0
2006.0,1.0,28930.0,3966,0.0,0.0,0.0,0.0,0.0,4.0,-0.9,4.0,-5.3,12.3,-13.6,25.2,14.0,0.5,0.866025403784439,0.0
2006.0,2.0,28582.0,3576,0.0,0.0,0.0,0.0,0.0,0.0,-0.3,4.9,-5.2,12.3,-15.6,18.5,9.5,0.866025403784439,0.5,0.0
2006.0,3.0,94342.0,15531,0.0,0.0,0.0,0.0,0.0,1.0,4.5,11.1,-2.6,19.2,-9.5,6.1,2.0,1.0,6.12323399573677e-17,0.0
2006.0,4.0,126459.0,74703,0.0,0.0,0.0,0.0,0.0,0.0,10.7,16.7,4.7,23.3,-0.8,78.6,31.5,0.866025403784439,-0.5,0.0
2006.0,5.0,170857.0,62203,0.0,0.0,0.0,0.0,0.0,2.0,17.8,23.7,12.2,29.3,7.0,79.0,33.0,0.5,-0.866025403784439,0.0
2006.0,6.0,95687.0,30894,0.0,0.0,0.0,0.0,0.0,1.0,20.7,26.3,16.1,30.3,12.1,120.0,43.5,1.22464679914735e-16,-1.0,0.0
2006.0,7.0,40274.0,8185,0.0,0.0,0.0,0.0,0.0,1.0,22.3,26.0,19.7,30.8,16.6,535.1,137.5,-0.5,-0.866025403784439,0.0
2006.0,8.0,113255.0,10061,0.0,0.0,0.0,0.0,0.0,1.0,25.0,30.6,20.7,33.5,17.3,63.5,17.5,-0.866025403784438,-0.5,14516.66666666667
2006.0,9.0,55982.0,26805,0.0,0.0,0.0,0.0,0.0,0.0,17.8,24.5,12.1,29.6,6.8,22.2,6.5,-1.0,-1.83697019872103e-16,630000.0
2006.0,10.0,139940.0,51271,0.0,0.0,0.0,0.0,0.0,4.0,14.4,22.2,8.0,26.2,0.4,21.6,20.5,-0.866025403784439,0.5,30000.0
2006.0,11.0,51416.0,20650,0.0,0.0,0.0,0.0,0.0,0.0,6.2,12.3,0.3,20.7,-4.9,56.3,31.5,-0.5,0.866025403784438,10750.0
2006.0,12.0,32342.0,9819,0.0,0.0,0.0,0.0,0.0,1.0,-0.5,5.4,-5.1,12.3,-14.3,17.2,4.5,-2.44929359829471e-16,1.0,0.0
2007.0,1.0,35240.0,5672,0.0,0.0,0.0,0.0,0.0,1.0,-1.9,3.8,-7.1,10.1,-13.6,9.4,3.5,0.5,0.866025403784439,0.0
2007.0,2.0,30535.0,4527,0.0,0.0,0.0,0.0,0.0,3.0,2.1,9.1,-3.6,15.8,-11.6,34.1,20.5,0.866025403784439,0.5,0.0
2007.0,3.0,90472.0,14397,0.0,0.0,0.0,0.0,0.0,1.0,6.0,12.3,0.4,20.3,-6.0,108.3,27.0,1.0,6.12323399573677e-17,0.0
2007.0,4.0,117865.0,68561,0.0,0.0,0.0,0.0,0.0,0.0,10.9,17.7,3.9,25.6,-1.8,35.3,15.0,0.866025403784439,-0.5,0.0
2007.0,5.0,146865.0,64919,0.0,0.0,0.0,0.0,0.0,2.0,17.5,24.0,11.8,28.8,7.5,126.2,47.5,0.5,-0.866025403784439,0.0
2007.0,6.0,80517.0,27310,0.0,0.0,0.0,0.0,0.0,1.0,22.1,27.5,17.2,32.0,13.6,106.7,44.0,1.22464679914735e-16,-1.0,0.0
2007.0,7.0,44835.0,6780,0.0,0.0,0.0,0.0,0.0,1.0,23.9,28.1,20.6,31.6,16.8,215.6,58.0,-0.5,-0.866025403784439,0.0
2007.0,8.0,155640.0,7120,0.0,0.0,0.0,0.0,0.0,1.0,25.8,30.1,22.6,34.9,18.2,470.6,144.5,-0.866025403784438,-0.5,14516.66666666667
2007.0,9.0,39775.0,14068,0.0,0.0,0.0,0.0,0.0,3.0,21.2,25.3,17.9,32.0,11.3,353.3,85.0,-1.0,-1.83697019872103e-16,630000.0
2007.0,10.0,137700.0,65424,0.0,0.0,0.0,0.0,0.0,1.0,14.5,20.6,9.5,26.5,1.8,43.4,27.5,-0.866025403784439,0.5,30000.0
2007.0,11.0,55188.0,20596,0.0,0.0,0.0,0.0,0.0,0.0,6.0,12.6,0.4,20.8,-6.6,15.6,6.0,-0.5,0.866025403784438,10750.0
2007.0,12.0,66627.0,14674,0.0,0.0,0.0,0.0,0.0,2.0,1.4,6.5,-2.7,14.8,-8.1,43.9,12.4,-2.44929359829471e-16,1.0,0.0
2008.0,1.0,43182.0,28,0.0,0.0,0.0,0.0,0.0,1.0,-2.0,2.3,-6.1,9.1,-12.9,17.5,13.5,0.5,0.866025403784439,0.0
2008.0,2.0,35268.0,0,0.0,0.0,0.0,0.0,0.0,3.0,-2.5,3.8,-8.8,13.2,-13.4,11.1,5.6,0.866025403784439,0.5,0.0
2008.0,3.0,100498.0,240,0.0,0.0,0.0,0.0,0.0,1.0,6.2,12.9,0.2,20.7,-5.6,40.1,32.0,1.0,6.12323399573677e-17,0.0
2008.0,4.0,173176.0,0,0.0,0.0,0.0,0.0,0.0,1.0,12.9,20.0,5.6,28.1,-1.2,34.0,11.0,0.866025403784439,-0.5,0.0
2008.0,5.0,207512.0,0,0.0,0.0,0.0,0.0,0.0,2.0,17.6,23.8,11.7,29.5,6.3,62.6,51.0,0.5,-0.866025403784439,0.0
2008.0,6.0,94561.0,0,0.0,0.0,0.0,0.0,0.0,1.0,21.1,26.0,16.9,29.4,12.7,126.7,68.5,1.22464679914735e-16,-1.0,0.0
2008.0,7.0,49493.0,0,0.0,0.0,0.0,0.0,0.0,0.0,25.8,30.1,22.4,33.4,19.2,287.2,85.0,-0.5,-0.866025403784439,0.0
2008.0,8.0,134292.0,0,0.0,0.0,0.0,0.0,0.0,1.0,24.6,29.6,20.2,34.2,15.6,138.8,39.0,-0.866025403784438,-0.5,14516.66666666667
2008.0,9.0,64673.0,0,0.0,0.0,0.0,0.0,0.0,3.0,21.0,27.1,16.3,31.4,7.3,89.3,33.5,-1.0,-1.83697019872103e-16,630000.0
2008.0,10.0,155918.0,0,0.0,0.0,0.0,0.0,0.0,1.0,14.6,21.9,8.6,27.8,3.2,30.4,16.0,-0.866025403784439,0.5,30000.0
2008.0,11.0,100321.0,0,0.0,0.0,0.0,0.0,0.0,0.0,6.6,12.9,0.9,22.0,-8.0,16.6,5.5,-0.5,0.866025403784438,10750.0
2008.0,12.0,59760.0,0,0.0,0.0,0.0,0.0,0.0,1.0,1.1,6.4,-3.6,15.8,-11.1,15.8,5.5,-2.44929359829471e-16,1.0,0.0
2009.0,1.0,43660.0,5141,0.0,0.0,0.0,0.0,0.0,4.0,-3.0,3.4,-8.7,12.0,-18.2,13.3,5.4,0.5,0.866025403784439,0.0
2009.0,2.0,45314.0,10170,0.0,0.0,0.0,0.0,0.0,0.0,2.5,7.6,-2.6,18.6,-10.2,16.0,11.0,0.866025403784439,0.5,0.0
2009.0,3.0,109239.0,30778,0.0,0.0,0.0,0.0,0.0,1.0,6.1,12.2,0.0,23.1,-6.3,51.6,21.0,1.0,6.12323399573677e-17,0.0
2009.0,4.0,154635.0,93054,0.0,0.0,0.0,0.0,0.0,0.0,11.7,19.0,4.6,27.7,-2.0,30.6,22.5,0.866025403784439,-0.5,0.0
2009.0,5.0,192928.0,80050,0.0,0.0,0.0,0.0,0.0,2.0,18.4,25.0,12.1,29.7,6.6,112.6,63.5,0.5,-0.866025403784439,0.0
2009.0,6.0,85812.0,45707,0.0,0.0,0.0,0.0,0.0,1.0,22.3,28.0,16.9,32.5,12.1,55.6,24.0,1.22464679914735e-16,-1.0,0.0
2009.0,7.0,60867.0,24892,0.0,0.0,0.0,0.0,0.0,0.0,24.0,28.7,20.0,31.9,17.5,335.8,102.0,-0.5,-0.866025403784439,0.0
2009.0,8.0,122370.0,24367,0.0,0.0,0.0,0.0,0.0,1.0,24.8,29.8,20.5,33.3,14.9,212.3,52.0,-0.866025403784438,-0.5,14516.66666666667
2009.0,9.0,76379.0,21262,0.0,0.0,0.0,0.0,0.0,0.0,20.4,26.5,15.1,30.8,11.4,30.8,11.5,-1.0,-1.83697019872103e-16,630000.0
2009.0,10.0,137403.0,36588,0.0,0.0,0.0,0.0,0.0,3.0,14.6,22.1,8.1,27.6,4.2,61.1,28.0,-0.866025403784439,0.5,30000.0
2009.0,11.0,58137.0,17578,0.0,0.0,0.0,0.0,0.0,0.0,6.9,11.6,2.2,22.4,-6.3,39.7,19.0,-0.5,0.866025403784438,10750.0
2009.0,12.0,54272.0,15965,0.0,0.0,0.0,0.0,0.0,1.0,-0.6,3.9,-5.2,11.2,-13.7,40.5,15.5,-2.44929359829471e-16,1.0,0.0
2010.0,1.0,49831.0,12694,0.0,0.0,0.0,0.0,0.0,1.0,-3.9,1.4,-9.4,9.1,-19.5,40.7,18.5,0.5,0.866025403784439,0.0
2010.0,2.0,42473.0,10630,0.0,0.0,0.0,0.0,0.0,3.0,1.6,6.2,-2.7,19.8,-11.3,50.4,16.0,0.866025403784439,0.5,0.0
2010.0,3.0,116219.0,35362,0.0,0.0,0.0,0.0,0.0,1.0,5.0,9.3,0.5,18.2,-4.1,73.8,20.5,1.0,6.12323399573677e-17,0.0
2010.0,4.0,181476.0,103469,0.0,0.0,0.0,0.0,0.0,0.0,9.6,15.6,3.8,22.9,-1.6,61.0,24.0,0.866025403784439,-0.5,0.0
2010.0,5.0,245978.0,81621,0.0,0.0,0.0,0.0,0.0,2.0,17.6,23.7,11.8,30.5,2.3,84.0,39.0,0.5,-0.866025403784439,0.0
2010.0,6.0,120696.0,68970,0.0,0.0,0.0,0.0,0.0,2.0,23.1,28.8,17.9,32.7,11.8,37.0,23.0,1.22464679914735e-16,-1.0,0.0
2010.0,7.0,74618.0,26675,0.0,0.0,0.0,0.0,0.0,0.0,26.0,30.3,22.3,33.3,19.2,171.0,54.0,-0.5,-0.866025403784439,0.0
2010.0,8.0,150615.0,31874,0.0,0.0,0.0,0.0,0.0,1.0,26.9,31.1,23.8,34.9,21.6,486.1,68.0,-0.866025403784438,-0.5,14516.66666666667
2010.0,9.0,90985.0,44054,0.0,0.0,0.0,0.0,0.0,3.0,21.6,26.8,17.5,33.0,4.8,316.9,104.0,-1.0,-1.83697019872103e-16,630000.0
2010.0,10.0,177685.0,105900,0.0,0.0,0.0,0.0,0.0,1.0,13.2,20.1,7.2,24.8,-4.3,19.4,11.5,-0.866025403784439,0.5,310000.0
2010.0,11.0,70936.0,33489,0.0,0.0,0.0,0.0,0.0,0.0,6.1,12.7,0.0,18.7,-5.2,13.5,5.5,-0.5,0.866025403784438,16750.0
2010.0,12.0,36733.0,15839,0.0,0.0,0.0,0.0,0.0,1.0,-0.3,5.0,-5.5,16.5,-15.9,24.5,6.5,-2.44929359829471e-16,1.0,0.0
2011.0,1.0,46766.0,16038,0.0,0.0,0.0,0.0,0.0,1.0,-6.9,-1.4,-12.7,3.5,-18.3,7.9,3.9,0.5,0.866025403784439,0.0
2011.0,2.0,53025.0,11218,0.0,0.0,0.0,0.0,0.0,3.0,0.9,7.0,-4.5,13.9,-11.6,31.0,28.5,0.866025403784439,0.5,0.0
2011.0,3.0,100708.0,20500,0.0,0.0,0.0,0.0,0.0,1.0,3.6,9.3,-2.0,19.0,-6.7,26.5,14.5,1.0,6.12323399573677e-17,0.0
2011.0,4.0,149518.0,89218,0.0,0.0,0.0,0.0,0.0,0.0,10.6,17.4,3.9,25.0,-1.3,133.2,92.5,0.866025403784439,-0.5,0.0
2011.0,5.0,254893.0,97826,0.0,0.0,0.0,0.0,0.0,2.0,18.1,23.9,12.5,29.9,6.4,103.3,54.5,0.5,-0.866025403784439,0.0
2011.0,6.0,143494.0,63569,0.0,0.0,0.0,0.0,0.0,1.0,22.4,28.0,17.7,32.5,13.1,374.6,157.5,1.22464679914735e-16,-1.0,0.0
2011.0,7.0,86594.0,28011,0.0,0.0,0.0,0.0,0.0,0.0,25.6,29.4,22.6,33.7,18.1,645.1,85.0,-0.5,-0.866025403784439,0.0
2011.0,8.0,173967.0,29693,0.0,0.0,0.0,0.0,0.0,1.0,25.5,29.9,22.4,34.3,16.7,268.2,73.5,-0.866025403784438,-0.5,14516.66666666667
2011.0,9.0,89897.0,38971,0.0,0.0,0.0,0.0,0.0,3.0,20.6,26.3,16.0,32.5,8.8,153.2,81.0,-1.0,-1.83697019872103e-16,630000.0
2011.0,10.0,209271.0,103422,0.0,0.0,0.0,0.0,0.0,1.0,12.7,19.9,6.7,24.9,-0.9,26.5,9.0,-0.866025403784439,0.5,310000.0
2011.0,11.0,89799.0,34907,0.0,0.0,0.0,0.0,0.0,0.0,10.7,16.2,6.0,25.3,-4.1,65.8,34.5,-0.5,0.866025403784438,16750.0
2011.0,12.0,49694.0,16769,0.0,0.0,0.0,0.0,0.0,1.0,-0.4,4.1,-4.9,10.1,-13.4,10.5,5.0,-2.44929359829471e-16,1.0,0.0
2012.0,1.0,55393.0,15929,0.0,0.0,0.0,0.0,0.0,4.0,-2.7,2.3,-7.8,9.6,-12.8,14.5,3.9,0.5,0.866025403784439,0.0
2012.0,2.0,50756.0,12890,0.0,0.0,0.0,0.0,0.0,0.0,-2.0,3.9,-7.7,13.1,-17.8,2.3,1.0,0.866025403784439,0.5,0.0
2012.0,3.0,98294.0,23743,0.0,0.0,0.0,0.0,0.0,1.0,4.9,10.1,0.0,20.7,-5.6,44.9,17.0,1.0,6.12323399573677e-17,0.0
2012.0,4.0,133287.0,67360,0.0,0.0,0.0,0.0,0.0,1.0,12.3,19.1,5.7,29.7,-0.9,81.6,34.5,0.866025403784439,-0.5,0.0
2012.0,5.0,234439.0,108022,0.0,0.0,0.0,0.0,0.0,2.0,19.2,26.1,13.0,29.5,7.8,16.8,16.0,0.5,-0.866025403784439,0.0
2012.0,6.0,128897.0,56370,0.0,0.0,0.0,0.0,0.0,1.0,23.3,29.4,18.1,32.7,13.5,75.1,51.0,1.22464679914735e-16,-1.0,0.0
2012.0,7.0,81603.0,22783,0.0,0.0,0.0,0.0,0.0,0.0,25.8,30.6,22.0,34.7,19.0,252.5,71.0,-0.5,-0.866025403784439,0.0
2012.0,8.0,171078.0,27056,0.0,0.0,0.0,0.0,0.0,1.0,26.7,31.0,23.2,36.4,16.9,483.7,136.0,-0.866025403784438,-0.5,14516.66666666667
2012.0,9.0,120936.0,52377,0.0,0.0,0.0,0.0,0.0,2.0,20.0,25.4,15.7,30.3,9.9,190.1,97.5,-1.0,-1.83697019872103e-16,630000.0
2012.0,10.0,233184.0,101729,0.0,0.0,0.0,0.0,0.0,2.0,13.7,21.1,7.4,25.9,0.1,66.6,33.0,-0.866025403784439,0.5,310000.0
2012.0,11.0,90130.0,37259,0.0,0.0,0.0,0.0,0.0,0.0,5.5,10.7,0.7,17.9,-5.1,52.6,20.0,-0.5,0.866025403784438,16750.0
2012.0,12.0,61995.0,14043,0.0,0.0,0.0,0.0,0.0,2.0,-3.9,0.8,-8.6,8.4,-15.9,56.0,18.1,-2.44929359829471e-16,1.0,0.0
2013.0,1.0,73203.0,19983,0.0,0.0,0.0,0.0,0.0,1.0,-3.6,1.7,-9.0,13.7,-19.2,28.5,21.0,0.5,0.866025403784439,0.0
2013.0,2.0,52731.0,11151,0.0,0.0,0.0,0.0,0.0,3.0,-0.9,3.9,-5.8,17.5,-14.3,35.2,23.5,0.866025403784439,0.5,0.0
2013.0,3.0,128220.0,29719,0.0,0.0,0.0,0.0,0.0,1.0,5.1,12.2,-1.3,26.7,-5.9,40.0,13.0,1.0,6.12323399573677e-17,0.0
2013.0,4.0,142684.0,80817,0.0,0.0,0.0,0.0,0.0,0.0,9.8,16.1,3.2,27.1,-2.0,56.3,15.0,0.866025403784439,-0.5,20714.28571428571
2013.0,5.0,221221.0,110530,0.0,0.0,0.0,0.0,0.0,2.0,18.0,24.9,11.5,32.1,4.9,123.5,56.5,0.5,-0.866025403784439,0.0
2013.0,6.0,136141.0,57532,0.0,0.0,0.0,0.0,0.0,1.0,23.5,29.5,18.6,32.4,10.8,102.1,82.0,1.22464679914735e-16,-1.0,0.0
2013.0,7.0,95278.0,26329,0.0,0.0,0.0,0.0,0.0,0.0,26.6,30.5,23.3,32.6,20.7,308.2,65.5,-0.5,-0.866025403784439,0.0
2013.0,8.0,169992.0,30485,0.0,0.0,0.0,0.0,0.0,1.0,27.1,32.7,22.8,35.6,18.4,173.6,90.5,-0.866025403784438,-0.5,14516.66666666667
2013.0,9.0,104337.0,46875,0.0,0.0,0.0,0.0,0.0,3.0,20.9,26.4,16.3,30.8,8.4,117.5,46.0,-1.0,-1.83697019872103e-16,630000.0
2013.0,10.0,230256.0,96251,0.0,0.0,0.0,0.0,0.0,2.0,14.8,21.9,8.7,28.0,1.2,12.2,10.5,-0.866025403784439,0.5,310000.0
2013.0,11.0,97508.0,30173,0.0,0.0,0.0,0.0,0.0,0.0,6.1,11.7,1.2,21.9,-7.4,58.2,14.3,-0.5,0.866025403784438,16750.0
2013.0,12.0,39543.0,11877,0.0,0.0,0.0,0.0,0.0,1.0,0.1,5.2,-4.7,12.7,-10.3,40.3,14.0,-2.44929359829471e-16,1.0,0.0
2014.0,1.0,69346.0,14706,0.0,0.0,0.0,0.0,0.0,3.0,-0.8,4.9,-6.1,10.3,-11.4,4.9,1.5,0.5,0.866025403784439,0.0
2014.0,2.0,49084.0,10010,0.0,0.0,0.0,0.0,0.0,1.0,1.8,7.4,-2.8,15.1,-8.3,14.7,12.5,0.866025403784439,0.5,0.0
2014.0,3.0,162140.0,28284,0.0,0.0,0.0,0.0,0.0,1.0,7.4,13.5,1.3,25.8,-6.9,40.9,23.5,1.0,6.12323399573677e-17,0.0
2014.0,4.0,100538.0,55276,0.0,0.0,0.0,0.0,0.0,0.0,13.4,20.6,7.0,27.0,-1.8,62.1,26.5,0.866025403784439,-0.5,20714.28571428571
2014.0,5.0,133685.0,33665,0.0,0.0,0.0,0.0,0.0,2.0,18.8,25.8,12.5,33.9,4.5,34.6,17.0,0.5,-0.866025403784439,0.0
2014.0,6.0,97876.0,34348,0.0,0.0,0.0,0.0,0.0,2.0,22.8,28.4,18.1,31.0,15.4,73.9,37.0,1.22464679914735e-16,-1.0,0.0
2014.0,7.0,79718.0,24704,0.0,0.0,0.0,0.0,0.0,0.0,25.4,30.6,21.2,34.6,17.7,239.0,126.0,-0.5,-0.866025403784439,0.0
2014.0,8.0,168823.0,28598,0.0,0.0,0.0,0.0,0.0,1.0,24.0,28.4,20.8,32.9,18.1,218.7,61.0,-0.866025403784438,-0.5,14516.66666666667
2014.0,9.0,109624.0,47364,0.0,0.0,0.0,0.0,0.0,4.0,20.8,27.4,15.6,31.9,10.9,144.0,71.5,-1.0,-1.83697019872103e-16,630000.0
2014.0,10.0,304041.0,133232,0.0,0.0,0.0,0.0,0.0,2.0,14.0,21.3,7.8,27.5,0.1,119.5,60.5,-0.866025403784439,0.5,310000.0
2014.0,11.0,133431.0,31812,0.0,0.0,0.0,0.0,0.0,0.0,7.7,13.6,2.4,18.8,-4.1,28.9,6.5,-0.5,0.866025403784438,16750.0
2014.0,12.0,55416.0,10786,0.0,0.0,0.0,0.0,0.0,1.0,-2.1,2.7,-6.8,9.4,-14.5,38.9,6.6,-2.44929359829471e-16,1.0,0.0
2015.0,1.0,91830.0,16552,0.0,0.0,0.0,0.0,0.0,1.0,-0.8,4.0,-5.4,9.8,-11.2,12.7,3.5,0.5,0.866025403784439,0.0
2015.0,2.0,59556.0,7306,0.0,0.0,0.0,0.0,0.0,3.0,1.1,6.1,-3.8,12.3,-12.8,21.5,15.5,0.866025403784439,0.5,0.0
2015.0,3.0,98755.0,23789,0.0,0.0,0.0,0.0,0.0,1.0,5.7,13.1,-1.4,22.7,-7.1,23.3,17.5,1.0,6.12323399573677e-17,0.0
2015.0,4.0,120930.0,60944,0.0,0.0,0.0,0.0,0.0,0.0,12.7,18.9,6.6,26.6,1.3,87.6,17.5,0.866025403784439,-0.5,20714.28571428571
2015.0,5.0,208119.0,82054,0.0,0.0,0.0,0.0,0.0,2.0,18.4,25.2,11.6,31.5,4.6,27.5,12.0,0.5,-0.866025403784439,0.0
2015.0,6.0,44252.0,14375,0.0,0.0,0.0,0.0,0.0,1.0,22.6,28.5,17.6,34.2,12.4,86.0,33.5,1.22464679914735e-16,-1.0,0.0
2015.0,7.0,76943.0,25003,0.0,0.0,0.0,0.0,0.0,0.0,24.9,29.2,21.2,33.2,13.9,136.8,49.0,-0.5,-0.866025403784439,0.0
2015.0,8.0,177952.0,26378,0.0,0.0,0.0,0.0,0.0,2.0,25.3,30.8,21.3,36.3,17.2,64.2,29.5,-0.866025403784438,-0.5,14516.66666666667
2015.0,9.0,103094.0,42722,0.0,0.0,0.0,0.0,0.0,4.0,20.5,27.2,14.8,30.4,10.6,29.0,8.0,-1.0,-1.83697019872103e-16,630000.0
2015.0,10.0,213319.0,93079,0.0,0.0,0.0,0.0,0.0,2.0,14.5,21.5,8.6,25.6,-1.5,69.0,29.0,-0.866025403784439,0.5,310000.0
2015.0,11.0,141136.0,35216,0.0,0.0,0.0,0.0,0.0,0.0,9.3,13.5,5.7,21.5,-3.8,128.6,28.5,-0.5,0.866025403784438,16750.0
2015.0,12.0,65794.0,14775,0.0,0.0,0.0,0.0,0.0,1.0,2.3,7.0,-1.9,12.9,-9.2,41.8,11.0,-2.44929359829471e-16,1.0,0.0
2016.0,1.0,73238.0,17427,0.0,0.0,0.0,0.0,0.0,1.0,-2.3,2.5,-7.0,12.9,-18.6,8.0,2.5,0.5,0.866025403784439,0.0
2016.0,2.0,57740.0,9301,0.0,0.0,0.0,0.0,0.0,4.0,0.7,5.9,-4.4,18.4,-11.7,43.6,13.5,0.866025403784439,0.5,0.0
2016.0,3.0,114722.0,24321,0.0,0.0,0.0,0.0,0.0,1.0,6.4,13.5,0.1,22.2,-10.4,16.5,11.5,1.0,6.12323399573677e-17,0.0
2016.0,4.0,145038.0,60885,0.0,0.0,0.0,0.0,0.0,1.0,13.6,21.1,6.9,28.7,1.0,118.3,27.5,0.866025403784439,-0.5,20714.28571428571
2016.0,5.0,192628.0,73155,0.0,0.0,0.0,0.0,0.0,3.0,18.2,25.4,11.0,30.4,5.6,107.2,26.7,0.5,-0.866025403784439,0.0
2016.0,6.0,126705.0,44687,0.0,0.0,0.0,0.0,0.0,1.0,22.3,28.0,16.8,31.1,11.7,36.2,35.0,1.22464679914735e-16,-1.0,0.0
2016.0,7.0,92875.0,24299,0.0,0.0,0.0,0.0,0.0,0.0,25.0,29.6,21.5,33.3,18.2,364.3,89.2,-0.5,-0.866025403784439,0.0
2016.0,8.0,143087.0,24678,0.0,0.0,0.0,0.0,0.0,1.0,26.0,31.7,21.3,35.1,14.9,82.0,30.7,-0.866025403784438,-0.5,14516.66666666667
2016.0,9.0,121625.0,45306,0.0,0.0,0.0,0.0,0.0,3.0,21.0,26.4,16.6,30.4,9.9,55.0,29.8,-1.0,-1.83697019872103e-16,630000.0
2016.0,10.0,210984.0,75918,0.0,0.0,0.0,0.0,0.0,2.0,14.5,20.0,10.0,27.5,-2.3,95.9,23.0,-0.866025403784439,0.5,310000.0
2016.0,11.0,165468.0,35465,0.0,0.0,0.0,0.0,0.0,0.0,5.9,12.3,0.1,21.2,-6.7,33.5,16.0,-0.5,0.866025403784438,16750.0
2016.0,12.0,75821.0,18522,0.0,0.0,0.0,0.0,0.0,1.0,1.1,6.7,-4.2,14.0,-12.0,44.3,21.3,-2.44929359829471e-16,1.0,0.0
2017.0,1.0,75489.0,14113,0.0,0.0,0.0,0.0,0.0,5.0,-1.9,3.9,-7.5,12.4,-15.9,13.9,4.1,0.5,0.866025403784439,0.0
2017.0,2.0,83039.0,12525,0.0,0.0,0.0,0.0,0.0,0.0,-0.1,5.8,-6.0,13.3,-11.1,32.2,13.9,0.866025403784439,0.5,0.0
2017.0,3.0,137377.0,23338,0.0,0.0,0.0,0.0,0.0,1.0,5.6,12.5,-1.3,18.6,-6.8,6.5,2.7,1.0,6.12323399573677e-17,0.0
2017.0,4.0,157516.0,63118,0.0,0.0,0.0,0.0,0.0,0.0,13.1,20.3,5.8,27.6,-1.0,42.9,14.7,0.866025403784439,-0.5,20714.28571428571
2017.0,5.0,174603.0,67593,0.0,0.0,0.0,0.0,0.0,3.0,17.7,25.1,10.2,31.0,5.5,14.3,5.4,0.5,-0.866025403784439,13500.0
2017.0,6.0,113943.0,44169,0.0,0.0,0.0,0.0,0.0,1.0,21.5,28.3,15.1,33.6,9.1,15.6,6.1,1.22464679914735e-16,-1.0,0.0
2017.0,7.0,81290.0,18157,0.0,0.0,0.0,0.0,0.0,0.0,25.5,29.8,22.4,33.0,19.4,788.1,232.7,-0.5,-0.866025403784439,0.0
2017.0,8.0,150947.0,20952,0.0,0.0,0.0,0.0,0.0,1.0,24.4,28.9,20.9,35.2,14.6,291.5,62.0,-0.866025403784438,-0.5,14516.66666666667
2017.0,9.0,114797.0,45625,0.0,0.0,0.0,0.0,0.0,0.0,19.4,25.7,13.9,28.3,6.8,43.3,21.5,-1.0,-1.83697019872103e-16,630000.0
2017.0,10.0,238820.0,58869,0.0,0.0,0.0,0.0,0.0,6.0,13.6,20.3,7.8,26.6,-3.2,14.1,5.9,-0.866025403784439,0.5,310000.0
2017.0,11.0,210615.0,35720,0.0,0.0,0.0,0.0,0.0,0.0,4.7,11.0,-1.4,19.3,-7.1,23.8,9.3,-0.5,0.866025403784438,16750.0
2017.0,12.0,94739.0,13210,0.0,0.0,0.0,0.0,0.0,1.0,-1.8,3.8,-6.9,14.6,-15.1,18.8,10.7,-2.44929359829471e-16,1.0,0.0
2018.0,1.0,218853.0,16429,89.0,1.0,0.0,4.0,0.0,1.0,-4.2,1.0,-9.0,8.2,-20.6,14.0,5.0,0.5,0.866025403784439,0.0
2018.0,2.0,212996.0,10925,86.0,20.0,5.0,4.0,13.0,3.0,-2.0,4.2,-8.4,13.0,-19.0,31.6,30.0,0.866025403784439,0.5,0.0
2018.0,3.0,378598.0,33175,101.0,1.0,5.0,15.0,0.0,1.0,7.4,14.4,1.0,24.1,-7.8,62.2,13.8,1.0,6.12323399573677e-17,0.0
2018.0,4.0,425171.0,58651,80.0,7.0,4.0,10.0,0.0,0.0,12.4,19.5,5.3,29.1,-2.2,117.0,40.3,0.866025403784439,-0.5,20714.28571428571
2018.0,5.0,493296.0,72421,93.0,19.0,5.0,14.0,2.0,3.0,17.5,23.6,11.5,29.6,5.2,82.7,18.1,0.5,-0.866025403784439,13500.0
2018.0,6.0,360625.0,43240,100.0,1.0,5.0,51.0,28.0,2.0,21.9,28.1,16.5,32.6,11.5,88.9,77.6,1.22464679914735e-16,-1.0,0.0
2018.0,7.0,207666.0,13467,85.0,0.0,5.0,6.0,5.0,0.0,26.3,31.6,21.8,35.9,16.5,185.8,120.1,-0.5,-0.866025403784439,0.0
2018.0,8.0,360405.0,16132,97.0,12.0,6.0,28.0,5.0,1.0,27.2,32.5,22.7,37.8,17.0,282.7,105.4,-0.866025403784438,-0.5,14516.66666666667
2018.0,9.0,463237.0,32434,105.0,102.0,4.0,12.0,0.0,4.0,19.3,24.8,14.2,28.8,7.4,124.6,72.2,-1.0,-1.83697019872103e-16,630000.0
2018.0,10.0,806070.0,82323,89.0,89.0,2.0,28.0,71.0,2.0,11.1,18.0,5.3,24.3,-1.4,99.8,50.9,-0.866025403784439,0.5,310000.0
2018.0,11.0,481781.0,33397,96.0,96.0,5.0,4.0,20.0,0.0,6.2,13.3,0.2,19.3,-5.5,48.3,39.0,-0.5,0.866025403784438,16750.0
2018.0,12.0,372668.0,12679,111.0,0.0,4.0,1.0,0.0,1.0,-1.2,4.6,-6.7,14.5,-15.2,25.8,13.6,-2.44929359829471e-16,1.0,0.0
2019.0,1.0,252866.0,12909,93.0,76.0,14.0,15.0,0.0,1.0,-1.8,4.5,-8.1,8.2,-13.2,0.6,0.6,0.5,0.866025403784439,0.0
2019.0,2.0,402472.0,13055,90.0,24.0,12.0,5.0,0.0,3.0,0.4,6.5,-5.2,13.4,-10.5,25.5,12.8,0.866025403784439,0.5,0.0
2019.0,3.0,469194.0,31098,106.0,106.0,5.0,102.0,0.0,1.0,6.2,13.3,-0.7,20.1,-5.1,26.9,16.0,1.0,6.12323399573677e-17,0.0
2019.0,4.0,541476.0,73875,84.0,84.0,5.0,84.0,0.0,0.0,10.7,17.5,4.0,27.9,-4.7,43.9,22.0,0.866025403784439,-0.5,20714.28571428571
2019.0,5.0,575336.0,84673,97.0,97.0,5.0,97.0,76.0,3.0,17.2,25.0,8.9,30.7,2.2,15.1,9.3,0.5,-0.866025403784439,13500.0
2019.0,6.0,413537.0,46968,105.0,52.0,5.0,105.0,105.0,1.0,20.4,26.4,15.0,31.1,8.7,84.9,31.6,1.22464679914735e-16,-1.0,0.0
2019.0,7.0,250613.0,23154,89.0,0.0,5.0,89.0,26.0,0.0,24.3,28.6,20.3,33.4,14.5,234.7,132.6,-0.5,-0.866025403784439,0.0
2019.0,8.0,502605.0,28345,101.0,9.0,0.0,101.0,0.0,1.0,24.9,30.3,20.6,34.3,15.0,90.7,25.2,-0.866025403784438,-0.5,14516.66666666667
2019.0,9.0,300701.0,42221,80.0,9.0,4.0,80.0,0.0,3.0,20.3,25.4,15.8,29.3,8.5,102.8,40.5,-1.0,-1.83697019872103e-16,630000.0
2019.0,10.0,678277.0,89198,93.0,93.0,5.0,93.0,0.0,2.0,14.0,20.2,8.3,26.5,1.2,81.9,44.7,-0.866025403784439,0.5,310000.0
2019.0,11.0,616171.0,75237,100.0,41.0,5.0,13.0,41.0,0.0,6.9,13.8,0.6,19.9,-5.1,120.6,60.5,-0.5,0.866025403784438,16750.0
2019.0,12.0,197433.0,16675,85.0,0.0,8.0,0.0,0.0,1.0,0.7,6.2,-4.1,14.0,-11.4,18.0,5.9,-2.44929359829471e-16,1.0,0.0
2020.0,1.0,200871.0,9558,97.0,18.0,5.0,0.0,0.0,5.0,1.3,6.7,-3.4,13.7,-9.2,59.7,44.0,0.5,0.866025403784439,0.0
2020.0,2.0,95645.0,4491,99.0,0.0,0.0,0.0,0.0,0.0,1.9,7.9,-3.6,16.0,-13.2,63.1,35.5,0.866025403784439,0.5,0.0
2020.0,3.0,0.0,5678,85.0,1.0,0.0,0.0,0.0,1.0,6.8,13.9,-0.3,22.2,-6.4,21.7,12.9,1.0,6.12323399573677e-17,0.0
2020.0,4.0,29658.0,58,92.0,84.0,0.0,18.0,0.0,2.0,10.2,17.3,2.5,25.7,-2.5,15.1,12.0,0.866025403784439,-0.5,20714.28571428571
2020.0,5.0,242114.0,17955,106.0,49.0,5.0,0.0,0.0,1.0,17.4,23.5,11.9,29.1,6.7,86.4,37.5,0.5,-0.866025403784439,13500.0
2020.0,6.0,172402.0,20873,84.0,52.0,5.0,0.0,61.0,1.0,22.6,28.1,17.6,32.9,11.5,121.9,45.7,1.22464679914735e-16,-1.0,0.0
2020.0,7.0,177228.0,12327,97.0,0.0,19.0,25.0,47.0,0.0,22.8,26.6,19.6,30.6,16.7,356.4,71.3,-0.5,-0.866025403784439,0.0
2020.0,8.0,175458.0,9709,111.0,0.0,8.0,111.0,0.0,2.0,26.0,30.1,22.8,34.1,20.5,481.7,182.9,-0.866025403784438,-0.5,14516.66666666667
2020.0,9.0,0.0,5638,88.0,44.0,4.0,64.0,0.0,1.0,19.6,24.9,15.4,30.3,9.8,167.2,56.6,-1.0,-1.83697019872103e-16,630000.0
2020.0,10.0,429328.0,18899,101.0,101.0,9.0,0.0,0.0,4.0,12.2,19.2,6.0,24.2,-0.9,18.9,18.1,-0.866025403784439,0.5,310000.0
2020.0,11.0,236431.0,17210,80.0,50.0,7.0,0.0,0.0,0.0,7.0,13.0,1.5,20.6,-5.5,45.9,28.8,-0.5,0.866025403784438,16750.0
2020.0,12.0,78320.0,7012,93.0,0.0,2.0,0.0,0.0,1.0,-1.1,4.7,-6.2,11.4,-16.0,5.5,3.4,-2.44929359829471e-16,1.0,0.0
2021.0,1.0,137164.0,469,0.0,0.0,5.0,0.0,0.0,1.0,-2.8,3.3,-8.9,13.0,-20.5,17.8,7.9,0.5,0.866025403784439,0.0
2021.0,2.0,309818.0,989,0.0,48.0,4.0,0.0,0.0,3.0,2.1,8.7,-4.2,22.2,-11.7,9.2,5.6,0.866025403784439,0.5,0.0
2021.0,3.0,232019.0,3454,89.0,23.0,5.0,89.0,0.0,1.0,8.0,14.9,1.5,23.2,-3.5,75.3,55.8,1.0,6.12323399573677e-17,115750.0
2021.0,4.0,281620.0,4907,96.0,96.0,5.0,96.0,0.0,0.0,13.0,19.5,6.2,28.7,0.0,54.7,35.0,0.866025403784439,-0.5,20714.28571428571
2021.0,5.0,370977.0,6024,111.0,18.0,5.0,111.0,0.0,2.0,15.9,21.7,10.1,29.7,3.0,135.9,27.7,0.5,-0.866025403784439,13500.0
2021.0,6.0,226346.0,6045,88.0,0.0,8.0,88.0,0.0,1.0,21.8,27.3,16.9,32.0,11.9,44.8,18.7,1.22464679914735e-16,-1.0,0.0
2021.0,7.0,235163.0,4974,101.0,0.0,16.0,101.0,0.0,0.0,26.2,31.2,21.8,34.6,18.9,117.6,43.4,-0.5,-0.866025403784439,0.0
2021.0,8.0,267294.0,4747,85.0,0.0,11.0,85.0,0.0,2.0,24.3,28.8,20.8,33.8,17.8,230.0,68.4,-0.866025403784438,-0.5,14516.66666666667
2021.0,9.0,309856.0,5471,92.0,0.0,0.0,92.0,0.0,3.0,20.9,25.9,16.8,28.9,12.9,250.8,117.1,-1.0,-1.83697019872103e-16,630000.0
2021.0,10.0,607045.0,8655,106.0,5.0,5.0,106.0,0.0,4.0,14.0,20.5,8.9,28.7,-1.2,49.5,13.4,-0.866025403784439,0.5,310000.0
2021.0,11.0,377663.0,8443,84.0,12.0,8.0,84.0,0.0,0.0,6.9,13.8,1.6,21.1,-5.1,67.9,26.5,-0.5,0.866025403784438,16750.0
2021.0,12.0,171717.0,2187,47.0,0.0,0.0,0.0,0.0,1.0,0.2,6.1,-5.0,12.9,-14.9,5.4,2.0,-2.44929359829471e-16,1.0,0.0
